﻿{"cameraMode":{"drawMode":0,"name":"Shaded","section":"Shading Mode"},"sceneLighting":true,"audioPlay":false,"sceneViewState":{"showFog":false,"showMaterialUpdate":false,"showSkybox":false,"showFlares":false,"showImageEffects":false,"showParticleSystems":false},"in2DMode":false,"pivot":{"x":1.2720383405685425,"y":3.641725540161133,"z":-49.80352020263672},"rotation":{"x":-0.07936185598373413,"y":0.036476198583841327,"z":-0.0029058700893074276,"w":-0.9961740374565125},"size":2.1452343463897707,"orthographic":false}