﻿{"cameraMode":{"drawMode":0,"name":"Shaded","section":"Shading Mode"},"sceneLighting":true,"audioPlay":false,"sceneViewState":{"showFog":false,"showMaterialUpdate":false,"showSkybox":false,"showFlares":false,"showImageEffects":false,"showParticleSystems":false},"in2DMode":false,"pivot":{"x":0.6744601130485535,"y":-5.32224178314209,"z":-22.07848358154297},"rotation":{"x":-0.13159702718257905,"y":-0.017549656331539155,"z":0.002329872688278556,"w":-0.9911452531814575},"size":29.278789520263673,"orthographic":false}